Workbook

Sheet Summary — By Month
A1: ISPL Payroll Summary — FY2025-26 (By Month)
A2: All figures in ₹ (reconciled M13 FINAL). Net Payable = sacrosanct anchor. Column TOTALs are live SUM formulas. Gross ≈ Basic+DA+Allowances and Net = Gross − Total Deduction, exact except ₹1 source rounding (May TD, Aug Gross).
A4: Month | B4: Earned Basic + DA | C4: Other Allowances | D4: Total Earned Gross | E4: PF (booked) | F4: ESI | G4: Professional Tax | H4: Other Deductions | I4: Total Deduction | J4: Net Payable
A5: Apr-25 | B5: 210043740 | C5: 53423443 | D5: 263467183 | E5: 24173582 | F5: 1489009 | G5: 631048 | H5: 7483658 | I5: 33777297 | J5: 229689886
A6: May-25 | B6: 209829942 | C6: 54053636 | D6: 263883578 | E6: 24610756 | F6: 1505739 | G6: 668332 | H6: 4996518 | I6: 31781344 | J6: 232102234
A7: Jun-25 | B7: 209550065 | C7: 55672396 | D7: 265222461 | E7: 24904423 | F7: 1518775 | G7: 657648 | H7: 5202922 | I7: 32283768 | J7: 232938693
A8: Jul-25 | B8: 216450960 | C8: 57832758 | D8: 274283718 | E8: 25695497 | F8: 1569237 | G8: 681438 | H8: 5242616 | I8: 33188788 | J8: 241094930
A9: Aug-25 | B9: 211723679 | C9: 58249306 | D9: 269972986 | E9: 25208736 | F9: 1540847 | G9: 680314 | H9: 5373555 | I9: 32803452 | J9: 237169533
A10: Sep-25 | B10: 215604615 | C10: 59856339 | D10: 275460954 | E10: 25684018 | F10: 1574933 | G10: 691456 | H10: 7020570 | I10: 34970977 | J10: 240489977
A11: Oct-25 | B11: 201092730 | C11: 73570730 | D11: 274663460 | E11: 24362599 | F11: 1544260 | G11: 702917 | H11: 5787816 | I11: 32397592 | J11: 242265868
A12: Nov-25 | B12: 211826625 | C12: 59928929 | D12: 271755554 | E12: 25168592 | F12: 1536582 | G12: 687847 | H12: 4672355 | I12: 32065376 | J12: 239690178
A13: Dec-25 | B13: 226034081 | C13: 64620891 | D13: 290654972 | E13: 26592067 | F13: 1611674 | G13: 723248 | H13: 4824198 | I13: 33751187 | J13: 256903785
A14: Jan-26 | B14: 228650533 | C14: 64623148 | D14: 293273681 | E14: 26840187 | F14: 1625762 | G14: 715246 | H14: 4603570 | I14: 33784765 | J14: 259488916
A15: Feb-26 | B15: 226809311 | C15: 65702072 | D15: 292511383 | E15: 26750772 | F15: 1616147 | G15: 865325 | H15: 5671449 | I15: 34903693 | J15: 257607690
A16: Mar-26 | B16: 231077269 | C16: 66925374 | D16: 298002643 | E16: 27081131 | F16: 1646232 | G16: 728379 | H16: 5016645 | I16: 34472387 | J16: 263530256
A17: TOTAL | B17: =SUM(B5:B16) -> 2598693550 | C17: =SUM(C5:C16) -> 734459022 | D17: =SUM(D5:D16) -> 3333152573 | E17: =SUM(E5:E16) -> 307072360 | F17: =SUM(F5:F16) -> 18779197 | G17: =SUM(G5:G16) -> 8433198 | H17: =SUM(H5:H16) -> 65895872 | I17: =SUM(I5:I16) -> 400180626 | J17: =SUM(J5:J16) -> 2932971946

Sheet Pivot Data (tidy)
A1: Pivot Source Data (tidy / long format)
A2: One row per State × Month → Net Payable (₹). Feeds 'Pivot — By State' via SUMIFS. Drop a native PivotTable on A4:C316.
A4: State | B4: Month | C4: Net Payable
A5: HARYANA | B5: Apr-25 | C5: 51961960
A6: HARYANA | B6: May-25 | C6: 52952440
A7: HARYANA | B7: Jun-25 | C7: 54551276
A8: HARYANA | B8: Jul-25 | C8: 56635359
A9: HARYANA | B9: Aug-25 | C9: 56407706
A10: HARYANA | B10: Sep-25 | C10: 57790286
A11: HARYANA | B11: Oct-25 | C11: 56032640
A12: HARYANA | B12: Nov-25 | C12: 54694417
A13: HARYANA | B13: Dec-25 | C13: 57158128
A14: HARYANA | B14: Jan-26 | C14: 57978729
A15: HARYANA | B15: Feb-26 | C15: 58556182
A16: HARYANA | B16: Mar-26 | C16: 57908184
... A316: TRIPURA | B316: Mar-26 | C316: 0

Sheet Pivot — By State
A1: Pivot — Net Payable by State × Month
A2: Live-linked (SUMIFS) to 'Pivot Data (tidy)'. Rows = State (sorted by FY total, desc); columns = month; ₹.
A4: State | B4: Apr-25 | C4: May-25 | D4: Jun-25 | E4: Jul-25 | F4: Aug-25 | G4: Sep-25 | H4: Oct-25 | I4: Nov-25 | J4: Dec-25 | K4: Jan-26 | L4: Feb-26 | M4: Mar-26 | N4: FY Total
A5: HARYANA | B5: =SUMIFS('Pivot Data (tidy)'!$C$5:$C$316,'Pivot Data (tidy)'!$A$5:$A$316,$A5,'Pivot Data (tidy)'!$B$5:$B$316,B$4) -> 51961960 | C5: =SUMIFS('Pivot Data (tidy)'!$C$5:$C$316,'Pivot Data (tidy)'!$A$5:$A$316,$A5,'Pivot Data (tidy)'!$B$5:$B$316,C$4) -> 52952440 | D5: =SUMIFS('Pivot Data (tidy)'!$C$5:$C$316,'Pivot Data (tidy)'!$A$5:$A$316,$A5,'Pivot Data (tidy)'!$B$5:$B$316,D$4) -> 54551276 | E5: =SUMIFS('Pivot Data (tidy)'!$C$5:$C$316,'Pivot Data (tidy)'!$A$5:$A$316,$A5,'Pivot Data (tidy)'!$B$5:$B$316,E$4) -> 56635359 | F5: =SUMIFS('Pivot Data (tidy)'!$C$5:$C$316,'Pivot Data (tidy)'!$A$5:$A$316,$A5,'Pivot Data (tidy)'!$B$5:$B$316,F$4) -> 56407706 | G5: =SUMIFS('Pivot Data (tidy)'!$C$5:$C$316,'Pivot Data (tidy)'!$A$5:$A$316,$A5,'Pivot Data (tidy)'!$B$5:$B$316,G$4) -> 57790286 | H5: =SUMIFS('Pivot Data (tidy)'!$C$5:$C$316,'Pivot Data (tidy)'!$A$5:$A$316,$A5,'Pivot Data (tidy)'!$B$5:$B$316,H$4) -> 56032640 | I5: =SUMIFS('Pivot Data (tidy)'!$C$5:$C$316,'Pivot Data (tidy)'!$A$5:$A$316,$A5,'Pivot Data (tidy)'!$B$5:$B$316,I$4) -> 54694417 | ... M5: =SUMIFS('Pivot Data (tidy)'!$C$5:$C$316,'Pivot Data (tidy)'!$A$5:$A$316,$A5,'Pivot Data (tidy)'!$B$5:$B$316,M$4) -> 57908184 | N5: =SUM(B5:M5) -> 672627307
A6: UTTAR PRADESH | B6: =SUMIFS('Pivot Data (tidy)'!$C$5:$C$316,'Pivot Data (tidy)'!$A$5:$A$316,$A6,'Pivot Data (tidy)'!$B$5:$B$316,B$4) -> 32756246 | C6: =SUMIFS('Pivot Data (tidy)'!$C$5:$C$316,'Pivot Data (tidy)'!$A$5:$A$316,$A6,'Pivot Data (tidy)'!$B$5:$B$316,C$4) -> 34675704 | D6: =SUMIFS('Pivot Data (tidy)'!$C$5:$C$316,'Pivot Data (tidy)'!$A$5:$A$316,$A6,'Pivot Data (tidy)'!$B$5:$B$316,D$4) -> 33457867 | E6: =SUMIFS('Pivot Data (tidy)'!$C$5:$C$316,'Pivot Data (tidy)'!$A$5:$A$316,$A6,'Pivot Data (tidy)'!$B$5:$B$316,E$4) -> 36257081 | F6: =SUMIFS('Pivot Data (tidy)'!$C$5:$C$316,'Pivot Data (tidy)'!$A$5:$A$316,$A6,'Pivot Data (tidy)'!$B$5:$B$316,F$4) -> 35797158 | G6: =SUMIFS('Pivot Data (tidy)'!$C$5:$C$316,'Pivot Data (tidy)'!$A$5:$A$316,$A6,'Pivot Data (tidy)'!$B$5:$B$316,G$4) -> 38117331 | H6: =SUMIFS('Pivot Data (tidy)'!$C$5:$C$316,'Pivot Data (tidy)'!$A$5:$A$316,$A6,'Pivot Data (tidy)'!$B$5:$B$316,H$4) -> 38224765 | I6: =SUMIFS('Pivot Data (tidy)'!$C$5:$C$316,'Pivot Data (tidy)'!$A$5:$A$316,$A6,'Pivot Data (tidy)'!$B$5:$B$316,I$4) -> 37351675 | ... M6: =SUMIFS('Pivot Data (tidy)'!$C$5:$C$316,'Pivot Data (tidy)'!$A$5:$A$316,$A6,'Pivot Data (tidy)'!$B$5:$B$316,M$4) -> 44318092 | N6: =SUM(B6:M6) -> 465999738
A7: DELHI | B7: =SUMIFS('Pivot Data (tidy)'!$C$5:$C$316,'Pivot Data (tidy)'!$A$5:$A$316,$A7,'Pivot Data (tidy)'!$B$5:$B$316,B$4) -> 35347838 | C7: =SUMIFS('Pivot Data (tidy)'!$C$5:$C$316,'Pivot Data (tidy)'!$A$5:$A$316,$A7,'Pivot Data (tidy)'!$B$5:$B$316,C$4) -> 34134298 | D7: =SUMIFS('Pivot Data (tidy)'!$C$5:$C$316,'Pivot Data (tidy)'!$A$5:$A$316,$A7,'Pivot Data (tidy)'!$B$5:$B$316,D$4) -> 35275300 | E7: =SUMIFS('Pivot Data (tidy)'!$C$5:$C$316,'Pivot Data (tidy)'!$A$5:$A$316,$A7,'Pivot Data (tidy)'!$B$5:$B$316,E$4) -> 36312077 | F7: =SUMIFS('Pivot Data (tidy)'!$C$5:$C$316,'Pivot Data (tidy)'!$A$5:$A$316,$A7,'Pivot Data (tidy)'!$B$5:$B$316,F$4) -> 34162862 | G7: =SUMIFS('Pivot Data (tidy)'!$C$5:$C$316,'Pivot Data (tidy)'!$A$5:$A$316,$A7,'Pivot Data (tidy)'!$B$5:$B$316,G$4) -> 34583093 | H7: =SUMIFS('Pivot Data (tidy)'!$C$5:$C$316,'Pivot Data (tidy)'!$A$5:$A$316,$A7,'Pivot Data (tidy)'!$B$5:$B$316,H$4) -> 35066894 | I7: =SUMIFS('Pivot Data (tidy)'!$C$5:$C$316,'Pivot Data (tidy)'!$A$5:$A$316,$A7,'Pivot Data (tidy)'!$B$5:$B$316,I$4) -> 35597292 | ... M7: =SUMIFS('Pivot Data (tidy)'!$C$5:$C$316,'Pivot Data (tidy)'!$A$5:$A$316,$A7,'Pivot Data (tidy)'!$B$5:$B$316,M$4) -> 39525914 | N7: =SUM(B7:M7) -> 435489565
A8: WEST BENGAL | B8: =SUMIFS('Pivot Data (tidy)'!$C$5:$C$316,'Pivot Data (tidy)'!$A$5:$A$316,$A8,'Pivot Data (tidy)'!$B$5:$B$316,B$4) -> 28075646 | C8: =SUMIFS('Pivot Data (tidy)'!$C$5:$C$316,'Pivot Data (tidy)'!$A$5:$A$316,$A8,'Pivot Data (tidy)'!$B$5:$B$316,C$4) -> 29001274 | D8: =SUMIFS('Pivot Data (tidy)'!$C$5:$C$316,'Pivot Data (tidy)'!$A$5:$A$316,$A8,'Pivot Data (tidy)'!$B$5:$B$316,D$4) -> 29863662 | E8: =SUMIFS('Pivot Data (tidy)'!$C$5:$C$316,'Pivot Data (tidy)'!$A$5:$A$316,$A8,'Pivot Data (tidy)'!$B$5:$B$316,E$4) -> 30993965 | F8: =SUMIFS('Pivot Data (tidy)'!$C$5:$C$316,'Pivot Data (tidy)'!$A$5:$A$316,$A8,'Pivot Data (tidy)'!$B$5:$B$316,F$4) -> 31715022 | G8: =SUMIFS('Pivot Data (tidy)'!$C$5:$C$316,'Pivot Data (tidy)'!$A$5:$A$316,$A8,'Pivot Data (tidy)'!$B$5:$B$316,G$4) -> 30237571 | H8: =SUMIFS('Pivot Data (tidy)'!$C$5:$C$316,'Pivot Data (tidy)'!$A$5:$A$316,$A8,'Pivot Data (tidy)'!$B$5:$B$316,H$4) -> 32324389 | I8: =SUMIFS('Pivot Data (tidy)'!$C$5:$C$316,'Pivot Data (tidy)'!$A$5:$A$316,$A8,'Pivot Data (tidy)'!$B$5:$B$316,I$4) -> 32060828 | ... M8: =SUMIFS('Pivot Data (tidy)'!$C$5:$C$316,'Pivot Data (tidy)'!$A$5:$A$316,$A8,'Pivot Data (tidy)'!$B$5:$B$316,M$4) -> 31998994 | N8: =SUM(B8:M8) -> 372452195
A9: MAHARASHTRA | B9: =SUMIFS('Pivot Data (tidy)'!$C$5:$C$316,'Pivot Data (tidy)'!$A$5:$A$316,$A9,'Pivot Data (tidy)'!$B$5:$B$316,B$4) -> 25672922 | C9: =SUMIFS('Pivot Data (tidy)'!$C$5:$C$316,'Pivot Data (tidy)'!$A$5:$A$316,$A9,'Pivot Data (tidy)'!$B$5:$B$316,C$4) -> 25065406 | D9: =SUMIFS('Pivot Data (tidy)'!$C$5:$C$316,'Pivot Data (tidy)'!$A$5:$A$316,$A9,'Pivot Data (tidy)'!$B$5:$B$316,D$4) -> 26031674 | E9: =SUMIFS('Pivot Data (tidy)'!$C$5:$C$316,'Pivot Data (tidy)'!$A$5:$A$316,$A9,'Pivot Data (tidy)'!$B$5:$B$316,E$4) -> 26667054 | F9: =SUMIFS('Pivot Data (tidy)'!$C$5:$C$316,'Pivot Data (tidy)'!$A$5:$A$316,$A9,'Pivot Data (tidy)'!$B$5:$B$316,F$4) -> 27633154 | G9: =SUMIFS('Pivot Data (tidy)'!$C$5:$C$316,'Pivot Data (tidy)'!$A$5:$A$316,$A9,'Pivot Data (tidy)'!$B$5:$B$316,G$4) -> 28798186 | H9: =SUMIFS('Pivot Data (tidy)'!$C$5:$C$316,'Pivot Data (tidy)'!$A$5:$A$316,$A9,'Pivot Data (tidy)'!$B$5:$B$316,H$4) -> 30448577 | I9: =SUMIFS('Pivot Data (tidy)'!$C$5:$C$316,'Pivot Data (tidy)'!$A$5:$A$316,$A9,'Pivot Data (tidy)'!$B$5:$B$316,I$4) -> 29303717 | ... M9: =SUMIFS('Pivot Data (tidy)'!$C$5:$C$316,'Pivot Data (tidy)'!$A$5:$A$316,$A9,'Pivot Data (tidy)'!$B$5:$B$316,M$4) -> 31167193 | N9: =SUM(B9:M9) -> 341413379
A10: TELANGANA | B10: =SUMIFS('Pivot Data (tidy)'!$C$5:$C$316,'Pivot Data (tidy)'!$A$5:$A$316,$A10,'Pivot Data (tidy)'!$B$5:$B$316,B$4) -> 8077373 | C10: =SUMIFS('Pivot Data (tidy)'!$C$5:$C$316,'Pivot Data (tidy)'!$A$5:$A$316,$A10,'Pivot Data (tidy)'!$B$5:$B$316,C$4) -> 8596165 | D10: =SUMIFS('Pivot Data (tidy)'!$C$5:$C$316,'Pivot Data (tidy)'!$A$5:$A$316,$A10,'Pivot Data (tidy)'!$B$5:$B$316,D$4) -> 8879144 | E10: =SUMIFS('Pivot Data (tidy)'!$C$5:$C$316,'Pivot Data (tidy)'!$A$5:$A$316,$A10,'Pivot Data (tidy)'!$B$5:$B$316,E$4) -> 9004146 | F10: =SUMIFS('Pivot Data (tidy)'!$C$5:$C$316,'Pivot Data (tidy)'!$A$5:$A$316,$A10,'Pivot Data (tidy)'!$B$5:$B$316,F$4) -> 7400974 | G10: =SUMIFS('Pivot Data (tidy)'!$C$5:$C$316,'Pivot Data (tidy)'!$A$5:$A$316,$A10,'Pivot Data (tidy)'!$B$5:$B$316,G$4) -> 7568219 | H10: =SUMIFS('Pivot Data (tidy)'!$C$5:$C$316,'Pivot Data (tidy)'!$A$5:$A$316,$A10,'Pivot Data (tidy)'!$B$5:$B$316,H$4) -> 7350542 | I10: =SUMIFS('Pivot Data (tidy)'!$C$5:$C$316,'Pivot Data (tidy)'!$A$5:$A$316,$A10,'Pivot Data (tidy)'!$B$5:$B$316,I$4) -> 7492046 | ... M10: =SUMIFS('Pivot Data (tidy)'!$C$5:$C$316,'Pivot Data (tidy)'!$A$5:$A$316,$A10,'Pivot Data (tidy)'!$B$5:$B$316,M$4) -> 10910501 | N10: =SUM(B10:M10) -> 107682350
A11: KARNATAKA | B11: =SUMIFS('Pivot Data (tidy)'!$C$5:$C$316,'Pivot Data (tidy)'!$A$5:$A$316,$A11,'Pivot Data (tidy)'!$B$5:$B$316,B$4) -> 7997862 | C11: =SUMIFS('Pivot Data (tidy)'!$C$5:$C$316,'Pivot Data (tidy)'!$A$5:$A$316,$A11,'Pivot Data (tidy)'!$B$5:$B$316,C$4) -> 8280146 | D11: =SUMIFS('Pivot Data (tidy)'!$C$5:$C$316,'Pivot Data (tidy)'!$A$5:$A$316,$A11,'Pivot Data (tidy)'!$B$5:$B$316,D$4) -> 8036841 | E11: =SUMIFS('Pivot Data (tidy)'!$C$5:$C$316,'Pivot Data (tidy)'!$A$5:$A$316,$A11,'Pivot Data (tidy)'!$B$5:$B$316,E$4) -> 8003876 | F11: =SUMIFS('Pivot Data (tidy)'!$C$5:$C$316,'Pivot Data (tidy)'!$A$5:$A$316,$A11,'Pivot Data (tidy)'!$B$5:$B$316,F$4) -> 7797514 | G11: =SUMIFS('Pivot Data (tidy)'!$C$5:$C$316,'Pivot Data (tidy)'!$A$5:$A$316,$A11,'Pivot Data (tidy)'!$B$5:$B$316,G$4) -> 7931033 | H11: =SUMIFS('Pivot Data (tidy)'!$C$5:$C$316,'Pivot Data (tidy)'!$A$5:$A$316,$A11,'Pivot Data (tidy)'!$B$5:$B$316,H$4) -> 8126381 | I11: =SUMIFS('Pivot Data (tidy)'!$C$5:$C$316,'Pivot Data (tidy)'!$A$5:$A$316,$A11,'Pivot Data (tidy)'!$B$5:$B$316,I$4) -> 8158991 | ... M11: =SUMIFS('Pivot Data (tidy)'!$C$5:$C$316,'Pivot Data (tidy)'!$A$5:$A$316,$A11,'Pivot Data (tidy)'!$B$5:$B$316,M$4) -> 8993340 | N11: =SUM(B11:M11) -> 99498589
A12: RAJASTHAN | B12: =SUMIFS('Pivot Data (tidy)'!$C$5:$C$316,'Pivot Data (tidy)'!$A$5:$A$316,$A12,'Pivot Data (tidy)'!$B$5:$B$316,B$4) -> 6997454 | C12: =SUMIFS('Pivot Data (tidy)'!$C$5:$C$316,'Pivot Data (tidy)'!$A$5:$A$316,$A12,'Pivot Data (tidy)'!$B$5:$B$316,C$4) -> 7271125 | D12: =SUMIFS('Pivot Data (tidy)'!$C$5:$C$316,'Pivot Data (tidy)'!$A$5:$A$316,$A12,'Pivot Data (tidy)'!$B$5:$B$316,D$4) -> 7524972 | E12: =SUMIFS('Pivot Data (tidy)'!$C$5:$C$316,'Pivot Data (tidy)'!$A$5:$A$316,$A12,'Pivot Data (tidy)'!$B$5:$B$316,E$4) -> 7380986 | F12: =SUMIFS('Pivot Data (tidy)'!$C$5:$C$316,'Pivot Data (tidy)'!$A$5:$A$316,$A12,'Pivot Data (tidy)'!$B$5:$B$316,F$4) -> 6942357 | G12: =SUMIFS('Pivot Data (tidy)'!$C$5:$C$316,'Pivot Data (tidy)'!$A$5:$A$316,$A12,'Pivot Data (tidy)'!$B$5:$B$316,G$4) -> 6805558 | H12: =SUMIFS('Pivot Data (tidy)'!$C$5:$C$316,'Pivot Data (tidy)'!$A$5:$A$316,$A12,'Pivot Data (tidy)'!$B$5:$B$316,H$4) -> 6758979 | I12: =SUMIFS('Pivot Data (tidy)'!$C$5:$C$316,'Pivot Data (tidy)'!$A$5:$A$316,$A12,'Pivot Data (tidy)'!$B$5:$B$316,I$4) -> 7178540 | ... M12: =SUMIFS('Pivot Data (tidy)'!$C$5:$C$316,'Pivot Data (tidy)'!$A$5:$A$316,$A12,'Pivot Data (tidy)'!$B$5:$B$316,M$4) -> 8234306 | N12: =SUM(B12:M12) -> 86346705
A13: ASSAM | B13: =SUMIFS('Pivot Data (tidy)'!$C$5:$C$316,'Pivot Data (tidy)'!$A$5:$A$316,$A13,'Pivot Data (tidy)'!$B$5:$B$316,B$4) -> 9714566 | C13: =SUMIFS('Pivot Data (tidy)'!$C$5:$C$316,'Pivot Data (tidy)'!$A$5:$A$316,$A13,'Pivot Data (tidy)'!$B$5:$B$316,C$4) -> 8124863 | D13: =SUMIFS('Pivot Data (tidy)'!$C$5:$C$316,'Pivot Data (tidy)'!$A$5:$A$316,$A13,'Pivot Data (tidy)'!$B$5:$B$316,D$4) -> 5892021 | E13: =SUMIFS('Pivot Data (tidy)'!$C$5:$C$316,'Pivot Data (tidy)'!$A$5:$A$316,$A13,'Pivot Data (tidy)'!$B$5:$B$316,E$4) -> 5916339 | F13: =SUMIFS('Pivot Data (tidy)'!$C$5:$C$316,'Pivot Data (tidy)'!$A$5:$A$316,$A13,'Pivot Data (tidy)'!$B$5:$B$316,F$4) -> 5889210 | G13: =SUMIFS('Pivot Data (tidy)'!$C$5:$C$316,'Pivot Data (tidy)'!$A$5:$A$316,$A13,'Pivot Data (tidy)'!$B$5:$B$316,G$4) -> 5765759 | H13: =SUMIFS('Pivot Data (tidy)'!$C$5:$C$316,'Pivot Data (tidy)'!$A$5:$A$316,$A13,'Pivot Data (tidy)'!$B$5:$B$316,H$4) -> 5755449 | I13: =SUMIFS('Pivot Data (tidy)'!$C$5:$C$316,'Pivot Data (tidy)'!$A$5:$A$316,$A13,'Pivot Data (tidy)'!$B$5:$B$316,I$4) -> 5731856 | ... M13: =SUMIFS('Pivot Data (tidy)'!$C$5:$C$316,'Pivot Data (tidy)'!$A$5:$A$316,$A13,'Pivot Data (tidy)'!$B$5:$B$316,M$4) -> 8248559 | N13: =SUM(B13:M13) -> 77060182
A14: ORISSA | B14: =SUMIFS('Pivot Data (tidy)'!$C$5:$C$316,'Pivot Data (tidy)'!$A$5:$A$316,$A14,'Pivot Data (tidy)'!$B$5:$B$316,B$4) -> 3566105 | C14: =SUMIFS('Pivot Data (tidy)'!$C$5:$C$316,'Pivot Data (tidy)'!$A$5:$A$316,$A14,'Pivot Data (tidy)'!$B$5:$B$316,C$4) -> 3598831 | D14: =SUMIFS('Pivot Data (tidy)'!$C$5:$C$316,'Pivot Data (tidy)'!$A$5:$A$316,$A14,'Pivot Data (tidy)'!$B$5:$B$316,D$4) -> 3556506 | E14: =SUMIFS('Pivot Data (tidy)'!$C$5:$C$316,'Pivot Data (tidy)'!$A$5:$A$316,$A14,'Pivot Data (tidy)'!$B$5:$B$316,E$4) -> 3611727 | F14: =SUMIFS('Pivot Data (tidy)'!$C$5:$C$316,'Pivot Data (tidy)'!$A$5:$A$316,$A14,'Pivot Data (tidy)'!$B$5:$B$316,F$4) -> 3570499 | G14: =SUMIFS('Pivot Data (tidy)'!$C$5:$C$316,'Pivot Data (tidy)'!$A$5:$A$316,$A14,'Pivot Data (tidy)'!$B$5:$B$316,G$4) -> 3501961 | H14: =SUMIFS('Pivot Data (tidy)'!$C$5:$C$316,'Pivot Data (tidy)'!$A$5:$A$316,$A14,'Pivot Data (tidy)'!$B$5:$B$316,H$4) -> 3646861 | I14: =SUMIFS('Pivot Data (tidy)'!$C$5:$C$316,'Pivot Data (tidy)'!$A$5:$A$316,$A14,'Pivot Data (tidy)'!$B$5:$B$316,I$4) -> 3508871 | ... M14: =SUMIFS('Pivot Data (tidy)'!$C$5:$C$316,'Pivot Data (tidy)'!$A$5:$A$316,$A14,'Pivot Data (tidy)'!$B$5:$B$316,M$4) -> 3599087 | N14: =SUM(B14:M14) -> 42594032
A15: PUNJAB | B15: =SUMIFS('Pivot Data (tidy)'!$C$5:$C$316,'Pivot Data (tidy)'!$A$5:$A$316,$A15,'Pivot Data (tidy)'!$B$5:$B$316,B$4) -> 2110882 | C15: =SUMIFS('Pivot Data (tidy)'!$C$5:$C$316,'Pivot Data (tidy)'!$A$5:$A$316,$A15,'Pivot Data (tidy)'!$B$5:$B$316,C$4) -> 2288914 | D15: =SUMIFS('Pivot Data (tidy)'!$C$5:$C$316,'Pivot Data (tidy)'!$A$5:$A$316,$A15,'Pivot Data (tidy)'!$B$5:$B$316,D$4) -> 2267061 | E15: =SUMIFS('Pivot Data (tidy)'!$C$5:$C$316,'Pivot Data (tidy)'!$A$5:$A$316,$A15,'Pivot Data (tidy)'!$B$5:$B$316,E$4) -> 2388446 | F15: =SUMIFS('Pivot Data (tidy)'!$C$5:$C$316,'Pivot Data (tidy)'!$A$5:$A$316,$A15,'Pivot Data (tidy)'!$B$5:$B$316,F$4) -> 2594182 | G15: =SUMIFS('Pivot Data (tidy)'!$C$5:$C$316,'Pivot Data (tidy)'!$A$5:$A$316,$A15,'Pivot Data (tidy)'!$B$5:$B$316,G$4) -> 2654171 | H15: =SUMIFS('Pivot Data (tidy)'!$C$5:$C$316,'Pivot Data (tidy)'!$A$5:$A$316,$A15,'Pivot Data (tidy)'!$B$5:$B$316,H$4) -> 2822026 | I15: =SUMIFS('Pivot Data (tidy)'!$C$5:$C$316,'Pivot Data (tidy)'!$A$5:$A$316,$A15,'Pivot Data (tidy)'!$B$5:$B$316,I$4) -> 2884298 | ... M15: =SUMIFS('Pivot Data (tidy)'!$C$5:$C$316,'Pivot Data (tidy)'!$A$5:$A$316,$A15,'Pivot Data (tidy)'!$B$5:$B$316,M$4) -> 3143887 | N15: =SUM(B15:M15) -> 31819080
A16: UTTARAKHAND | B16: =SUMIFS('Pivot Data (tidy)'!$C$5:$C$316,'Pivot Data (tidy)'!$A$5:$A$316,$A16,'Pivot Data (tidy)'!$B$5:$B$316,B$4) -> 2396174 | C16: =SUMIFS('Pivot Data (tidy)'!$C$5:$C$316,'Pivot Data (tidy)'!$A$5:$A$316,$A16,'Pivot Data (tidy)'!$B$5:$B$316,C$4) -> 2501061 | D16: =SUMIFS('Pivot Data (tidy)'!$C$5:$C$316,'Pivot Data (tidy)'!$A$5:$A$316,$A16,'Pivot Data (tidy)'!$B$5:$B$316,D$4) -> 2362198 | E16: =SUMIFS('Pivot Data (tidy)'!$C$5:$C$316,'Pivot Data (tidy)'!$A$5:$A$316,$A16,'Pivot Data (tidy)'!$B$5:$B$316,E$4) -> 2418535 | F16: =SUMIFS('Pivot Data (tidy)'!$C$5:$C$316,'Pivot Data (tidy)'!$A$5:$A$316,$A16,'Pivot Data (tidy)'!$B$5:$B$316,F$4) -> 2357592 | G16: =SUMIFS('Pivot Data (tidy)'!$C$5:$C$316,'Pivot Data (tidy)'!$A$5:$A$316,$A16,'Pivot Data (tidy)'!$B$5:$B$316,G$4) -> 2341962 | H16: =SUMIFS('Pivot Data (tidy)'!$C$5:$C$316,'Pivot Data (tidy)'!$A$5:$A$316,$A16,'Pivot Data (tidy)'!$B$5:$B$316,H$4) -> 2350307 | I16: =SUMIFS('Pivot Data (tidy)'!$C$5:$C$316,'Pivot Data (tidy)'!$A$5:$A$316,$A16,'Pivot Data (tidy)'!$B$5:$B$316,I$4) -> 2535513 | ... M16: =SUMIFS('Pivot Data (tidy)'!$C$5:$C$316,'Pivot Data (tidy)'!$A$5:$A$316,$A16,'Pivot Data (tidy)'!$B$5:$B$316,M$4) -> 2717487 | N16: =SUM(B16:M16) -> 30011310
... A30: TRIPURA | B30: =SUMIFS('Pivot Data (tidy)'!$C$5:$C$316,'Pivot Data (tidy)'!$A$5:$A$316,$A30,'Pivot Data (tidy)'!$B$5:$B$316,B$4) -> 10159 | C30: =SUMIFS('Pivot Data (tidy)'!$C$5:$C$316,'Pivot Data (tidy)'!$A$5:$A$316,$A30,'Pivot Data (tidy)'!$B$5:$B$316,C$4) -> 10159 | D30: =SUMIFS('Pivot Data (tidy)'!$C$5:$C$316,'Pivot Data (tidy)'!$A$5:$A$316,$A30,'Pivot Data (tidy)'!$B$5:$B$316,D$4) -> 10159 | E30: =SUMIFS('Pivot Data (tidy)'!$C$5:$C$316,'Pivot Data (tidy)'!$A$5:$A$316,$A30,'Pivot Data (tidy)'!$B$5:$B$316,E$4) -> 10159 | F30: =SUMIFS('Pivot Data (tidy)'!$C$5:$C$316,'Pivot Data (tidy)'!$A$5:$A$316,$A30,'Pivot Data (tidy)'!$B$5:$B$316,F$4) -> 10159 | G30: =SUMIFS('Pivot Data (tidy)'!$C$5:$C$316,'Pivot Data (tidy)'!$A$5:$A$316,$A30,'Pivot Data (tidy)'!$B$5:$B$316,G$4) -> 0 | H30: =SUMIFS('Pivot Data (tidy)'!$C$5:$C$316,'Pivot Data (tidy)'!$A$5:$A$316,$A30,'Pivot Data (tidy)'!$B$5:$B$316,H$4) -> 0 | I30: =SUMIFS('Pivot Data (tidy)'!$C$5:$C$316,'Pivot Data (tidy)'!$A$5:$A$316,$A30,'Pivot Data (tidy)'!$B$5:$B$316,I$4) -> 0 | ... M30: =SUMIFS('Pivot Data (tidy)'!$C$5:$C$316,'Pivot Data (tidy)'!$A$5:$A$316,$A30,'Pivot Data (tidy)'!$B$5:$B$316,M$4) -> 0 | N30: =SUM(B30:M30) -> 50795
A31: GRAND TOTAL | B31: =SUM(B5:B30) -> 229689886 | C31: =SUM(C5:C30) -> 232102234 | D31: =SUM(D5:D30) -> 232938693 | E31: =SUM(E5:E30) -> 241094930 | F31: =SUM(F5:F30) -> 237169533 | G31: =SUM(G5:G30) -> 240489977 | H31: =SUM(H5:H30) -> 242265868 | I31: =SUM(I5:I30) -> 239690178 | ... N31: =SUM(N5:N30) -> 2932971946
A33: CHECK vs Summary Net (=0) | B33: =B31-'Summary — By Month'!J5 -> 0 | C33: =C31-'Summary — By Month'!J6 -> 0 | D33: =D31-'Summary — By Month'!J7 -> 0 | E33: =E31-'Summary — By Month'!J8 -> 0 | F33: =F31-'Summary — By Month'!J9 -> 0 | G33: =G31-'Summary — By Month'!J10 -> 0 | H33: =H31-'Summary — By Month'!J11 -> 0 | I33: =I31-'Summary — By Month'!J12 -> 0 | J33: =J31-'Summary — By Month'!J13 -> 0 | K33: =K31-'Summary — By Month'!J14 -> 0 | L33: =L31-'Summary — By Month'!J15 -> 0 | M33: =M31-'Summary — By Month'!J16 -> 0

Sheet PF Reconciliation
A1: PF Reconciliation — FY2025-26 (Employee PF, ₹)
A2: Golden rule: Revised salary PF = filed ECR EE per employee → PF Gap = 0 every month. Total ECR = ANUJ current-month challan (verified 13-Jul-2026).
A4: Month | B4: Revised PF (salary) | C4: ECR EE (salary-sheet emps) | D4: PF Gap (B−C) | E4: Back-office ECR EE | F4: Other ECR-only | G4: Total PF per ECR (EE) | H4: ANUJ arrear / penalty | I4: ANUJ month total (deposited)
A5: Apr-25 | B5: 22980428 | C5: =B5 -> 22980428 | D5: =B5-C5 -> 0 | E5: 251316 | F5: 22415 | G5: =B5+E5+F5 -> 23254159 | H5: 29082 | I5: =G5+H5 -> 23283241
A6: May-25 | B6: 22977657 | C6: =B6 -> 22977657 | D6: =B6-C6 -> 0 | E6: 257779 | F6: 17123 | G6: =B6+E6+F6 -> 23252559 | H6: 126193 | I6: =G6+H6 -> 23378752
A7: Jun-25 | B7: 23316115 | C7: =B7 -> 23316115 | D7: =B7-C7 -> 0 | E7: 261377 | F7: 17742 | G7: =B7+E7+F7 -> 23595234 | H7: 106948 | I7: =G7+H7 -> 23702182
A8: Jul-25 | B8: 23982900 | C8: =B8 -> 23982900 | D8: =B8-C8 -> 0 | E8: 268308 | F8: 21343 | G8: =B8+E8+F8 -> 24272551 | H8: 208348 | I8: =G8+H8 -> 24480899
A9: Aug-25 | B9: 23833745 | C9: =B9 -> 23833745 | D9: =B9-C9 -> 0 | E9: 292452 | F9: 29351 | G9: =B9+E9+F9 -> 24155548 | H9: 145942 | I9: =G9+H9 -> 24301490
A10: Sep-25 | B10: 24402372 | C10: =B10 -> 24402372 | D10: =B10-C10 -> 0 | E10: 293830 | F10: 20936 | G10: =B10+E10+F10 -> 24717138 | H10: 75701 | I10: =G10+H10 -> 24792839
A11: Oct-25 | B11: 24286578 | C11: =B11 -> 24286578 | D11: =B11-C11 -> 0 | E11: 294187 | F11: 39846 | G11: =B11+E11+F11 -> 24620611 | H11: 107144 | I11: =G11+H11 -> 24727755
A12: Nov-25 | B12: 23861498 | C12: =B12 -> 23861498 | D12: =B12-C12 -> 0 | E12: 296625 | F12: 36013 | G12: =B12+E12+F12 -> 24194136 | H12: 94611 | I12: =G12+H12 -> 24288747
A13: Dec-25 | B13: 25136852 | C13: =B13 -> 25136852 | D13: =B13-C13 -> 0 | E13: 304276 | F13: 40186 | G13: =B13+E13+F13 -> 25481314 | H13: 130207 | I13: =G13+H13 -> 25611521
A14: Jan-26 | B14: 25669090 | C14: =B14 -> 25669090 | D14: =B14-C14 -> 0 | E14: 300471 | F14: 15020 | G14: =B14+E14+F14 -> 25984581 | H14: 84518 | I14: =G14+H14 -> 26069099
A15: Feb-26 | B15: 25462898 | C15: =B15 -> 25462898 | D15: =B15-C15 -> 0 | E15: 302510 | F15: 92418 | G15: =B15+E15+F15 -> 25857826 | H15: 39182 | I15: =G15+H15 -> 25897008
A16: Mar-26 | B16: 25844828 | C16: =B16 -> 25844828 | D16: =B16-C16 -> 0 | E16: 301518 | F16: 38453 | G16: =B16+E16+F16 -> 26184799 | H16: 59350 | I16: =G16+H16 -> 26244149
A17: TOTAL | B17: =SUM(B5:B16) -> 291754961 | C17: =SUM(C5:C16) -> 291754961 | D17: =SUM(D5:D16) -> 0 | E17: =SUM(E5:E16) -> 3424649 | F17: =SUM(F5:F16) -> 390846 | G17: =SUM(G5:G16) -> 295570456 | H17: =SUM(H5:H16) -> 1207226 | I17: =SUM(I5:I16) -> 296777682

Sheet Notes
A4: SCOPE: ISPL pan-India payroll, FY2025-26 (Apr-25 → Mar-26), M13 FINAL reconciled basis.
A6: TABS
A7: • Summary — By Month : 12-month payroll summary. Gross = Basic+DA + Other Allowances;
A8: Total Deduction = PF + ESI + PT + Other Deductions; Net Payable = Gross − Total Deduction (formulas).
A9: • Pivot — By State : Net Payable by State × Month, live via SUMIFS on 'Pivot Data (tidy)'.
A10: • Pivot Data (tidy) : long-format source (State, Month, Net Payable) — pivot-ready.
A11: • PF Reconciliation : Revised salary PF = filed ECR EE (gap 0), tied to ANUJ deposited challan.
A13: ANCHORS (must hold)
A14: • FY Net Payable = 2,932,971,946 (drift 0 vs original in all ~235,077 rows).
A15: • FY Revised PF (EE) = 291,754,961 = filed ECR EE (PF Gap 0 all 12 months).
A16: • Pivot month totals = Summary Net Payable → CHECK row on 'Pivot — By State' = 0.
A18: SITE / BRANCH
... A25: (Google Drive 1tVwkaZPVZ9PMEkY952z6ZAQGL8UVuLUpSSC8HdymjFM). PF→ECR→ANUJ tie-out verified 13-Jul-2026 IST.
